{
    "host": "0.0.0.0",
    "port": 9222,
    "access_token": "",
    "client_salt": null,
    "public_address": null,
    "public_basepath": "/yobot/",
    "web_mode_hint": true,
    "super-admin": [],
    "black-list": [],
    "white_list_mode": false,
    "black-list-group": [],
    "white-list-group": [],
    "setting-restrict": 2,
    "allow_bulk_private": false,
    "auto_update": true,
    "update-time": "random",
    "clan_battle_mode": "web",
    "show_jjc_solution": "url",
    "gacha_on": false,
    "gacha_private_on": false,
    "jjc_search": "nomae.net",
    "jjc_auth_key": "",
    "news_jp_official": true,
    "news_jp_twitter": true,
    "news_tw_official": true,
    "news_cn_official": true,
    "news_cn_bilibili": true,
    "news_interval_auto": true,
    "news_interval_minutes": 30,
    "calender_region": "default",
    "calender_on": true,
    "calender_time": "08:00",
    "notify_groups": [],
    "notify_privates": [],
    "preffix_on": false,
    "preffix_string": "",
    "zht_in": false,
    "zht_out": false,
    "zht_out_style": "s2t",
    "show_icp": false,
    "icp_info": "",
    "gongan_info": "",

    "boss":{
        "jp": [
            [6000000, 8000000, 10000000, 12000000, 15000000],
            [6000000, 8000000, 10000000, 12000000, 15000000],
            [7000000, 9000000, 13000000, 15000000, 20000000],
            [15000000, 16000000, 18000000, 19000000, 20000000]
        ],
        "cn": [
            [6000000, 8000000, 10000000, 12000000, 20000000],
            [6000000, 8000000, 10000000, 12000000, 20000000],
            [6000000, 8000000, 10000000, 12000000, 20000000]
        ],
        "tw": [
            [6000000, 8000000, 10000000, 12000000, 15000000],
            [6000000, 8000000, 10000000, 12000000, 15000000],
            [6000000, 8000000, 10000000, 12000000, 15000000]
        ]
    }
}