{
    "info":{
        "name":"默认卡池"
    },
    "settings":{
        "combo": 10,
        "day_limit": 2,
        "auto_update": false,
        "shuffle": false
    },
    "pool": {
        "fes": {
            "prop": 1,
            "prop_last": 1,
            "prefix":"★★★",
            "pool": [
                "克里斯蒂娜" ,"矛依未","似似花","佩可莉姆（公主）"
            ]
        },
        "hidden": {
            "prop": 0,
            "prop_last": 1,
            "prefix":"★★★",
            "pool": [
                "千里真那","拉比林斯塔","拉基尼卡德"
            ]
        },
        "star3": {
            "prop": 18,
            "prop_last": 18,
            "prefix":"★★★",
            "pool": [
                "初音","真琴","姬塔","咲恋","望","璃乃","妮侬","伊绪","秋乃","莫妮卡","静流",
                "杏奈","纯","真步","亚里沙","镜华","伊利亚","智","流夏","香澄","安","古蕾雅",
                "空花（大江户）","妮侬（大江户）","碧（插班生）","克萝伊", "美美（万圣节）",
                "露娜","卡娅","伊利亚（圣诞节）","霞（魔法少女）","优妮","琪爱儿","铃（游侠）",
                "真阳（游侠）"
            ]
        },
        "limited_3": {
            "prop": 2,
            "prop_last": 5,
            "prefix":"★★★",
            "pool": [
                "佩可莉姆（夏日）","铃莓（夏日）","凯留（夏日）","珠希（夏日）","忍（万圣节）",
                "美咲（万圣节）","千歌（圣诞节）","绫音（圣诞节）","日和莉（新年）","优衣（新年）",
                "静流（情人节）","蕾姆","艾米莉亚","玲奈（夏日）","咲恋（夏日）","真琴（夏日）",
                "真步（夏日）","镜华（万圣节）","克里斯蒂娜（圣诞节）","可可萝（新年）",
                "凯露（新年）","岛村卯月（偶像大师）","涉谷凛（偶像大师）"
            ]
        },
        "limited_1": {
            "prop": 4,
            "prop_last": 0,
            "prefix":"★",
            "pool": [
                "可可萝（夏日）","美冬（夏日）","宫子（万圣节）","胡桃（圣诞节）","怜（新年）",
                "惠理子（情人节）","露","拉姆","伊绪（夏日）","香织（夏日）","未奏希（万圣节）",
                "望（圣诞节）","铃莓（新年）","本田未央（偶像大师）"
            ]
        },
        "star2": {
            "prop": 180,
            "prop_last": 975,
            "prefix":"★★",
            "pool": [
                "空花","美冬","雪","茜里","珠希","美美","真阳","忍","香织","千歌","深月",
                "惠理子","宫子","栞","铃奈","铃","绫音","美里","纺希","茉莉","娜娜卡"
            ]
        },
        "star1": {
            "prop": 795,
            "prop_last": 0,
            "prefix":"★",
            "pool": [
                "怜","尤加莉","碧","依里","未奏希","莉玛","铃莓","美咲","日和莉","胡桃","步未"
            ]
        }
    }
}